Local Authority / Region Code,Local Authority / Region Name,"Jan-23
(Rapid charging or above devices) [Note 4]","Jan-23
(per 100,000 population) [Note 3]","Oct-22
(Rapid charging or above devices)","Oct-22
(per 100,000 population)","July-22
(Rapid charging or above devices)","July-22
(per 100,000 population)","Apr-22
(Rapid charging or above devices)","Apr-22
(per 100,000 population)","Jan-22
(Rapid charging or above devices)2","Jan-22
(per 100,000 population) 3","Oct-21
(Rapid charging or above devices)","Oct-21
(per 100,000 population) ","July-21
(Rapid charging or above devices)","July-21
(per 100,000 population)","Apr-21
(Rapid charging or above devices)","Apr-21
(per 100,000 population)","Jan-21
(Rapid charging or above devices)","Jan-21
(per 100,000 population)","Oct-20
(Rapid charging or above devices)","Oct-20
(per 100,000 population)","Jul-20
(Rapid charging or above devices)","Jul-20
(per 100,000 population)","Apr-20
(Rapid charging or above devices)","Apr-20
(per 100,000 population)","Jan-20
(Rapid charging or above devices)","Jan-20
(per 100,000 population)","Oct-19
(Rapid charging or above devices)","Oct-19
(per 100,000 population)"
K02000001,United Kingdom,"6,887",10.3,"6,395",9.5,"5,974",8.9,"5,494",8.2,"5,156",7.7,"4,923",7.3,"4,551",6.8,"4,259",6.4,"3,880",5.8,"3,530",5.3,"3,206",4.8,"3,107",4.7,"2,829",4.3,"2,495",3.8
K03000001,Great Britian,"6,861",10.5,"6,373",9.8,"5,953",9.1,"5,469",8.4,"5,134",7.9,"4,902",7.5,"4,530",6.9,"4,239",6.5,"3,860",5.9,"3,508",5.4,"3,187",4.9,"3,088",4.8,"2,810",4.4,"2,476",3.8
E92000001,England,"5,631",10.0,"5,325",9.4,"4,965",8.8,"4,541",8.0,"4,258",7.5,"4,058",7.2,"3,732",6.6,"3,523",6.3,"3,214",5.7,"2,909",5.2,"2,615",4.6,"2,526",4.5,"2,288",4.1,"2,008",3.6
E12000001,North East,283,10.7,259,9.7,282,10.5,252,9.4,230,8.6,229,8.5,209,7.8,183,6.9,172,6.4,156,5.8,118,4.4,117,4.4,108,4.1,98,3.7
E06000047,County Durham,52,10.0,42,7.9,38,7.1,36,6.8,29,5.4,26,4.9,24,4.5,21,4.0,19,3.6,15,2.8,14,2.6,14,2.7,13,2.5,13,2.5
E06000005,Darlington,5,4.6,4,3.7,4,3.7,4,3.7,4,3.7,4,3.7,5,4.7,3,2.8,3,2.8,3,2.8,2,1.9,2,1.9,2,1.9,2,1.9
E06000001,Hartlepool,4,4.3,2,2.1,3,3.2,3,3.2,3,3.2,3,3.2,2,2.1,1,1.1,1,1.1,1,1.1,1,1.1,1,1.1,0,0.0,0,0.0
E06000002,Middlesbrough,11,7.7,11,7.8,11,7.8,11,7.8,7,5.0,7,5.0,7,5.0,7,5.0,7,5.0,6,4.3,6,4.3,6,4.3,6,4.3,4,2.8
E06000057,Northumberland,69,21.5,65,20.1,84,25.9,71,21.9,71,21.9,73,22.5,58,17.9,47,14.6,43,13.3,38,11.8,26,8.1,26,8.1,26,8.1,24,7.5
E06000003,Redcar and Cleveland,9,6.6,9,6.6,5,3.6,5,3.6,5,3.6,5,3.6,5,3.6,4,2.9,2,1.5,2,1.5,1,0.7,1,0.7,1,0.7,1,0.7
E06000004,Stockton-on-Tees,19,9.6,14,7.1,14,7.1,13,6.6,12,6.1,12,6.1,12,6.1,12,6.1,12,6.1,12,6.1,10,5.1,10,5.1,9,4.6,9,4.6
E11000007,Tyne and Wear (Metropolitan County),114,10.1,112,9.8,123,10.7,109,9.5,99,8.6,99,8.6,96,8.4,88,7.7,85,7.4,79,6.9,58,5.1,57,5.0,51,4.5,45,4.0
E08000037,Gateshead,23,11.7,23,11.4,27,13.4,24,11.9,18,8.9,21,10.4,19,9.4,18,8.9,19,9.4,18,8.9,15,7.4,14,6.9,13,6.4,12,5.9
E08000021,Newcastle upon Tyne,30,10.1,28,9.1,30,9.8,27,8.8,26,8.5,25,8.1,25,8.1,20,6.6,18,5.9,18,5.9,6,2.0,6,2.0,5,1.7,4,1.3
E08000022,North Tyneside,19,9.1,20,9.6,24,11.5,18,8.6,18,8.6,15,7.2,14,6.7,15,7.2,15,7.2,13,6.3,7,3.4,7,3.4,4,1.9,2,1.0
E08000023,South Tyneside,11,7.4,14,9.3,14,9.3,14,9.3,11,7.3,11,7.3,11,7.3,9,6.0,9,6.0,8,5.3,8,5.3,8,5.3,8,5.3,8,5.3
E08000024,Sunderland,31,11.3,27,9.7,28,10.1,26,9.4,26,9.4,27,9.7,27,9.7,26,9.4,24,8.6,22,7.9,22,7.9,22,7.9,21,7.6,19,6.8
E12000002,North West,615,8.3,553,7.5,491,6.7,432,5.9,410,5.6,393,5.3,372,5.0,345,4.7,323,4.4,314,4.3,297,4.0,285,3.9,255,3.5,227,3.1
E06000008,Blackburn with Darwen,12,7.7,15,10.0,10,6.7,8,5.3,7,4.7,7,4.7,7,4.7,7,4.7,7,4.7,7,4.7,2,1.3,2,1.3,2,1.3,2,1.3
E06000009,Blackpool,2,1.4,2,1.4,2,1.4,1,0.7,1,0.7,2,1.4,2,1.4,2,1.4,2,1.4,2,1.4,1,0.7,1,0.7,1,0.7,0,0.0
E06000049,Cheshire East,40,10.0,36,9.3,33,8.5,35,9.1,33,8.5,33,8.5,30,7.8,27,7.0,26,6.8,25,6.5,24,6.2,23,6.0,23,6.0,22,5.8
E06000050,Cheshire West and Chester,25,7.0,23,6.7,21,6.1,21,6.1,19,5.5,16,4.7,16,4.7,12,3.5,11,3.2,10,2.9,8,2.3,8,2.3,6,1.8,6,1.8
E06000006,Halton,4,3.1,5,3.9,5,3.9,5,3.9,5,3.9,5,3.9,5,3.9,2,1.5,2,1.5,2,1.5,2,1.5,1,0.8,0,0.0,0,0.0
E06000007,Warrington,27,12.8,27,12.9,17,8.1,19,9.1,19,9.1,19,9.1,19,9.1,18,8.6,18,8.6,18,8.6,18,8.6,18,8.6,17,8.1,17,8.1
E10000006,Cumbria,74,14.8,74,14.8,72,14.4,64,12.8,62,12.4,62,12.4,62,12.4,62,12.4,61,12.2,61,12.2,59,11.8,58,11.6,54,10.8,45,9.0
E07000026,Allerdale,8,8.3,8,8.2,6,6.1,6,6.1,6,6.1,6,6.1,6,6.1,6,6.1,6,6.1,6,6.1,6,6.1,6,6.2,6,6.2,6,6.2
E07000027,Barrow-in-Furness,1,1.5,1,1.5,1,1.5,1,1.5,1,1.5,1,1.5,1,1.5,1,1.5,0,0.0,0,0.0,0,0.0,0,0.0,,0.0,0,0.0
E07000028,Carlisle,7,6.3,7,6.5,7,6.5,7,6.5,7,6.5,6,5.5,7,6.5,7,6.4,7,6.4,7,6.4,7,6.4,7,6.5,5,4.6,5,4.6
E07000029,Copeland,2,3.0,2,2.9,2,2.9,2,2.9,2,2.9,2,2.9,2,2.9,2,2.9,2,2.9,2,2.9,2,2.9,2,2.9,1,1.5,1,1.5
E07000030,Eden,22,40.0,22,40.9,22,40.9,22,40.9,22,40.9,23,42.8,22,40.9,22,41.3,22,41.3,22,41.3,20,37.6,19,35.9,18,34.0,17,32.1
E07000031,South Lakeland,34,32.5,34,32.4,34,32.4,26,24.8,24,22.9,24,22.9,24,22.9,24,22.8,24,22.8,24,22.8,24,22.8,24,23.0,24,23.0,16,15.3
E11000001,Greater Manchester (Metropolitan County),211,7.4,167,5.9,150,5.3,113,4.0,107,3.8,101,3.5,85,3.0,76,2.7,69,2.4,63,2.2,61,2.2,58,2.1,48,1.7,44,1.6
E08000001,Bolton,10,3.4,8,2.8,8,2.8,8,2.8,6,2.1,6,2.1,6,2.1,3,1.0,3,1.0,3,1.0,3,1.0,3,1.1,3,1.1,2,0.7
E08000002,Bury,11,5.7,8,4.2,5,2.6,3,1.6,3,1.6,3,1.6,0,0.0,0,0.0,0,0.0,0,0.0,0,0.0,0,0.0,0,0.0,0,0.0
E08000003,Manchester,48,8.7,25,4.5,25,4.5,19,3.4,17,3.1,15,2.7,15,2.7,13,2.4,10,1.8,10,1.8,14,2.5,13,2.4,13,2.4,14,2.6
E08000004,Oldham,12,5.0,10,4.2,10,4.2,9,3.8,7,2.9,6,2.5,6,2.5,4,1.7,4,1.7,4,1.7,3,1.3,3,1.3,1,0.4,0,0.0
E08000005,Rochdale,11,4.9,10,4.5,10,4.5,10,4.5,10,4.5,10,4.5,5,2.2,8,3.6,8,3.6,8,3.6,8,3.6,8,3.6,6,2.7,7,3.2
E08000006,Salford,21,7.8,21,8.0,18,6.9,13,4.9,13,4.9,13,4.9,13,4.9,13,5.0,13,5.0,10,3.9,11,4.2,11,4.3,9,3.5,9,3.5
E08000007,Stockport,25,8.5,21,7.1,18,6.1,16,5.4,16,5.4,16,5.4,16,5.4,16,5.5,15,5.1,14,4.8,9,3.1,9,3.1,7,2.4,3,1.0
E08000008,Tameside,17,7.4,16,7.0,10,4.4,9,4.0,9,4.0,9,4.0,9,4.0,6,2.6,5,2.2,4,1.8,5,2.2,4,1.8,4,1.8,4,1.8
E08000009,Trafford,38,16.1,32,13.5,29,12.2,11,4.6,11,4.6,10,4.2,2,0.8,2,0.8,2,0.8,2,0.8,1,0.4,1,0.4,1,0.4,1,0.4
E08000010,Wigan,18,5.5,16,4.8,17,5.1,15,4.5,15,4.5,13,3.9,13,3.9,11,3.3,9,2.7,8,2.4,7,2.1,6,1.8,4,1.2,4,1.2
E10000017,Lancashire,154,12.5,144,11.7,131,10.7,119,9.7,114,9.3,108,8.8,110,9.0,107,8.8,97,8.0,95,7.8,94,7.7,89,7.4,80,6.6,71,5.9
E07000117,Burnley,11,11.6,10,11.2,10,11.2,8,9.0,5,5.6,3,3.4,3,3.4,3,3.4,3,3.4,3,3.4,3,3.4,2,2.3,1,1.1,1,1.1
E07000118,Chorley,25,21.2,25,21.0,25,21.0,23,19.3,22,18.5,21,17.7,21,17.7,20,16.9,20,16.9,20,16.9,20,16.9,20,17.1,20,17.1,20,17.1
E07000119,Fylde,10,12.2,10,12.3,6,7.4,3,3.7,3,3.7,3,3.7,3,3.7,3,3.7,3,3.7,3,3.7,3,3.7,3,3.8,3,3.8,1,1.3
E07000120,Hyndburn,9,10.9,3,3.7,5,6.2,5,6.2,5,6.2,4,4.9,7,8.6,6,7.4,6,7.4,6,7.4,5,6.2,5,6.2,3,3.7,3,3.7
E07000121,Lancaster,20,14.1,20,13.5,18,12.2,16,10.8,15,10.1,13,8.8,13,8.8,13,8.9,13,8.9,12,8.2,12,8.2,12,8.3,6,4.2,6,4.2
E07000122,Pendle,5,5.2,5,5.4,5,5.4,5,5.4,5,5.4,5,5.4,5,5.4,5,5.4,5,5.4,5,5.4,5,5.4,5,5.5,5,5.5,5,5.5
E07000123,Preston,15,10.2,14,9.7,15,10.4,15,10.4,15,10.4,15,10.4,14,9.7,14,9.8,13,9.1,13,9.1,13,9.1,11,7.8,11,7.8,8,5.6
E07000124,Ribble Valley,1,1.6,1,1.6,1,1.6,1,1.6,1,1.6,1,1.6,1,1.6,1,1.6,1,1.6,1,1.6,1,1.6,1,1.7,1,1.7,1,1.7
E07000125,Rossendale,6,8.4,6,8.4,2,2.8,2,2.8,2,2.8,2,2.8,2,2.8,2,2.8,2,2.8,2,2.8,2,2.8,1,1.4,1,1.4,0,0.0
E07000126,South Ribble,16,14.4,15,13.5,13,11.7,12,10.8,12,10.8,12,10.8,12,10.8,12,10.8,11,9.9,10,9.0,10,9.0,10,9.0,10,9.0,10,9.0
E07000127,West Lancashire,21,17.9,20,17.5,20,17.5,18,15.7,18,15.7,18,15.7,18,15.7,18,15.7,10,8.7,10,8.7,10,8.7,10,8.8,10,8.8,9,7.9
E07000128,Wyre,15,13.3,15,13.3,11,9.7,11,9.7,11,9.7,11,9.7,11,9.7,10,8.9,10,8.9,10,8.9,10,8.9,9,8.1,9,8.1,7,6.3
E11000002,Merseyside (Metropolitan County),66,4.6,60,4.2,50,3.5,47,3.3,43,3.0,40,2.8,36,2.5,32,2.2,30,2.1,31,2.2,28,2.0,27,1.9,24,1.7,20,1.4
E08000011,Knowsley,8,5.2,8,5.2,7,4.6,7,4.6,6,3.9,5,3.3,5,3.3,5,3.3,5,3.3,5,3.3,4,2.7,4,2.7,3,2.0,3,2.0
E08000012,Liverpool,19,3.9,20,4.0,17,3.4,15,3.0,14,2.8,12,2.4,12,2.4,10,2.0,10,2.0,11,2.2,10,2.0,10,2.0,9,1.8,8,1.6
E08000014,Sefton,18,6.4,14,5.1,12,4.3,12,4.3,10,3.6,10,3.6,8,2.9,7,2.5,5,1.8,5,1.8,5,1.8,5,1.8,5,1.8,3,1.1
E08000013,St. Helens,10,5.5,7,3.9,3,1.7,5,2.8,5,2.8,5,2.8,6,3.3,6,3.3,6,3.3,6,3.3,6,3.3,5,2.8,4,2.2,3,1.7
E08000015,Wirral,11,3.4,11,3.4,11,3.4,8,2.5,8,2.5,8,2.5,5,1.5,4,1.2,4,1.2,4,1.2,3,0.9,3,0.9,3,0.9,3,0.9
E12000003,Yorkshire and the Humber,558,10.2,531,9.6,491,8.9,439,7.9,387,7.0,369,6.7,341,6.2,332,6.0,311,5.7,280,5.1,248,4.5,228,4.2,182,3.3,150,2.7
E06000011,East Riding of Yorkshire,13,3.8,12,3.5,11,3.2,11,3.2,8,2.3,8,2.3,7,2.0,7,2.1,7,2.1,7,2.1,7,2.1,6,1.8,1,0.3,2,0.6
E06000010,"Kingston upon Hull, City of",16,6.0,16,6.2,15,5.8,13,5.0,10,3.9,9,3.5,8,3.1,8,3.1,8,3.1,8,3.1,6,2.3,6,2.3,5,1.9,4,1.5
E06000012,North East Lincolnshire,8,5.1,8,5.0,8,5.0,8,5.0,8,5.0,7,4.4,7,4.4,6,3.8,6,3.8,6,3.8,6,3.8,5,3.1,3,1.9,4,2.5
E06000013,North Lincolnshire,14,8.2,13,7.5,13,7.5,4,2.3,3,1.7,3,1.7,3,1.7,3,1.7,3,1.7,2,1.2,3,1.7,3,1.7,2,1.2,2,1.2
E06000014,York,29,14.4,28,13.3,27,12.8,14,6.6,13,6.2,13,6.2,13,6.2,13,6.2,14,6.6,13,6.2,13,6.2,13,6.2,13,6.2,13,6.2
E10000023,North Yorkshire,81,13.1,74,11.9,58,9.3,56,9.0,45,7.3,45,7.3,41,6.6,44,7.1,43,7.0,42,6.8,34,5.5,32,5.2,28,4.6,25,4.1
E07000163,Craven,6,10.5,6,10.5,6,10.5,4,7.0,4,7.0,4,7.0,4,7.0,4,7.0,4,7.0,4,7.0,2,3.5,1,1.8,1,1.8,1,1.8
E07000164,Hambleton,13,14.3,10,10.9,10,10.9,10,10.9,10,10.9,10,10.9,10,10.9,10,10.9,10,10.9,10,10.9,5,5.5,4,4.4,2,2.2,2,2.2
E07000165,Harrogate,35,21.3,34,21.0,20,12.4,20,12.4,12,7.4,12,7.4,11,6.8,14,8.7,14,8.7,14,8.7,13,8.1,13,8.1,12,7.5,9,5.6
E07000166,Richmondshire,14,27.8,11,20.5,11,20.5,11,20.5,10,18.6,10,18.6,10,18.6,10,18.6,10,18.6,10,18.6,10,18.6,10,18.8,10,18.8,10,18.8
E07000167,Ryedale,4,7.3,4,7.2,4,7.2,4,7.2,4,7.2,4,7.2,3,5.4,3,5.4,3,5.4,3,5.4,3,5.4,3,5.5,2,3.6,2,3.6
E07000168,Scarborough,3,2.8,3,2.8,3,2.8,3,2.8,1,0.9,1,0.9,1,0.9,1,0.9,1,0.9,1,0.9,1,0.9,1,0.9,1,0.9,1,0.9
E07000169,Selby,6,6.5,6,6.5,4,4.4,4,4.4,4,4.4,4,4.4,2,2.2,2,2.2,1,1.1,0,0.0,0,0.0,0,0.0,0,0.0,0,0.0
E11000003,South Yorkshire (Metropolitan County),116,8.4,112,7.9,107,7.6,105,7.4,95,6.7,91,6.4,87,6.1,86,6.1,74,5.3,68,4.8,62,4.4,61,4.3,50,3.6,45,3.2
E08000016,Barnsley,11,4.5,11,4.4,11,4.4,11,4.4,7,2.8,7,2.8,6,2.4,6,2.4,6,2.4,6,2.4,5,2.0,5,2.0,3,1.2,2,0.8
E08000017,Doncaster,23,7.5,23,7.4,22,7.0,23,7.4,21,6.7,18,5.8,18,5.8,18,5.8,17,5.5,15,4.8,13,4.2,13,4.2,11,3.5,11,3.5
E08000018,Rotherham,36,13.5,34,12.8,32,12.1,31,11.7,29,10.9,28,10.6,28,10.6,29,10.9,28,10.5,28,10.5,26,9.8,25,9.4,24,9.1,24,9.1
E08000019,Sheffield,46,8.3,44,7.5,42,7.1,40,6.8,38,6.4,38,6.4,35,5.9,33,5.6,23,3.9,19,3.2,18,3.1,18,3.1,12,2.1,8,1.4
E11000006,West Yorkshire (Metropolitan County),281,12.0,268,11.4,252,10.7,228,9.7,205,8.7,193,8.2,175,7.5,165,7.1,156,6.7,134,5.7,117,5.0,102,4.4,80,3.4,55,2.4
E08000032,Bradford,55,10.1,54,10.0,48,8.9,47,8.7,44,8.1,43,7.9,42,7.7,38,7.0,37,6.9,33,6.1,28,5.2,25,4.7,21,3.9,10,1.9
E08000033,Calderdale,34,16.4,35,16.6,35,16.6,31,14.7,29,13.7,29,13.7,17,8.0,17,8.0,18,8.5,13,6.1,13,6.1,13,6.2,9,4.3,7,3.3
E08000034,Kirklees,32,7.4,34,7.7,28,6.3,26,5.9,24,5.4,21,4.8,20,4.5,18,4.1,17,3.9,15,3.4,9,2.0,9,2.1,6,1.4,6,1.4
E08000035,Leeds,96,11.9,96,12.0,92,11.5,87,10.9,78,9.8,69,8.6,66,8.3,63,7.9,56,7.1,48,6.1,46,5.8,35,4.4,27,3.4,21,2.7
E08000036,Wakefield,64,18.1,49,13.9,49,13.9,37,10.5,30,8.5,31,8.8,30,8.5,29,8.3,28,8.0,25,7.2,21,6.0,20,5.8,17,4.9,11,3.2
E12000004,East Midlands,511,10.5,490,10.1,445,9.1,408,8.4,373,7.7,347,7.1,311,6.4,300,6.2,261,5.4,231,4.8,213,4.4,202,4.2,179,3.7,128,2.7
E06000015,Derby,46,17.6,45,17.5,41,16.0,31,12.1,25,9.7,20,7.8,19,7.4,17,6.6,14,5.4,14,5.4,13,5.1,13,5.1,13,5.1,8,3.1
E06000016,Leicester,1,0.3,2,0.6,3,0.8,2,0.6,1,0.3,1,0.3,1,0.3,3,0.8,3,0.8,3,0.8,3,0.8,2,0.6,2,0.6,2,0.6
E06000061,North Northamptonshire (from April 2021),23,6.4,21,6.0,19,5.4,19,5.4,19,5.4,18,5.1,16,4.6,-,-,-,-,-,-,-,-,-,-,-,-,-,-
E06000018,Nottingham,71,22.2,70,20.8,67,19.9,53,15.7,48,14.2,48,14.2,48,14.2,49,14.7,46,13.8,32,9.6,28,8.4,28,8.5,28,8.5,24,7.2
E06000017,Rutland,3,7.2,3,7.4,3,7.4,3,7.4,3,7.4,3,7.4,3,7.4,3,7.5,1,2.5,1,2.5,1,2.5,1,2.5,0,0.0,0,0.0
E06000062,West Northamptonshire (from April 2021),57,13.4,50,12.3,37,9.1,39,9.6,31,7.6,29,7.1,24,5.9,-,-,-,-,-,-,-,-,-,-,-,-,-,-
E10000007,Derbyshire,61,7.7,61,7.6,60,7.4,60,7.4,59,7.3,56,6.9,54,6.7,51,6.4,38,4.7,37,4.6,34,4.2,31,3.9,23,2.9,12,1.5
E07000032,Amber Valley,5,4.0,5,3.9,5,3.9,5,3.9,5,3.9,5,3.9,5,3.9,4,3.1,4,3.1,4,3.1,4,3.1,4,3.2,2,1.6,1,0.8
E07000033,Bolsover,18,22.4,18,22.1,16,19.7,16,19.7,16,19.7,16,19.7,16,19.7,14,17.4,5,6.2,5,6.2,5,6.2,5,6.3,5,6.3,4,5.0
E07000034,Chesterfield,10,9.6,10,9.5,10,9.5,10,9.5,9,8.6,7,6.7,7,6.7,7,6.7,5,4.8,5,4.8,7,6.7,5,4.8,5,4.8,1,1.0
E07000035,Derbyshire Dales,1,1.4,1,1.4,2,2.8,2,2.8,2,2.8,1,1.4,1,1.4,1,1.4,1,1.4,1,1.4,1,1.4,2,2.8,0,0.0,0,0.0
E07000036,Erewash,10,8.8,10,8.7,10,8.7,10,8.7,10,8.7,10,8.7,9,7.8,9,7.8,7,6.1,7,6.1,6,5.2,6,5.2,4,3.5,3,2.6
E07000037,High Peak,10,11.0,10,10.8,10,10.8,10,10.8,10,10.8,10,10.8,10,10.8,9,9.7,9,9.7,8,8.6,4,4.3,2,2.2,1,1.1,0,0.0
E07000038,North East Derbyshire,2,2.0,2,2.0,2,2.0,2,2.0,2,2.0,2,2.0,2,2.0,2,2.0,2,2.0,2,2.0,2,2.0,2,2.0,2,2.0,0,0.0
E07000039,South Derbyshire,5,4.6,5,4.6,5,4.6,5,4.6,5,4.6,5,4.6,4,3.7,5,4.7,5,4.7,5,4.7,5,4.7,5,4.8,4,3.8,3,2.9
E10000018,Leicestershire,56,7.9,47,6.6,45,6.3,46,6.5,45,6.3,38,5.3,33,4.6,21,3.0,17,2.4,17,2.4,16,2.3,15,2.1,11,1.6,10,1.4
E07000129,Blaby,20,19.4,15,14.7,13,12.8,13,12.8,15,14.7,13,12.8,13,12.8,5,4.9,5,4.9,5,4.9,4,3.9,4,4.0,4,4.0,4,4.0
E07000130,Charnwood,6,3.3,6,3.2,6,3.2,7,3.7,7,3.7,6,3.2,6,3.2,4,2.2,3,1.6,3,1.6,4,2.2,3,1.6,3,1.6,2,1.1
E07000131,Harborough,6,6.1,6,6.3,6,6.3,6,6.3,6,6.3,6,6.3,3,3.1,3,3.2,3,3.2,3,3.2,3,3.2,3,3.2,2,2.2,2,2.2
E07000132,Hinckley and Bosworth,11,9.7,5,4.4,5,4.4,5,4.4,3,2.6,3,2.6,1,0.9,1,0.9,1,0.9,1,0.9,1,0.9,1,0.9,0,0.0,0,0.0
E07000133,Melton,1,1.9,2,3.9,2,3.9,2,3.9,2,3.9,2,3.9,2,3.9,2,3.9,2,3.9,2,3.9,2,3.9,2,3.9,0,0.0,0,0.0
E07000134,North West Leicestershire,7,6.7,8,7.6,8,7.6,8,7.6,7,6.7,3,2.9,3,2.9,2,1.9,2,1.9,2,1.9,2,1.9,2,2.0,2,2.0,2,2.0
E07000135,Oadby and Wigston,5,8.7,5,8.7,5,8.7,5,8.7,5,8.7,5,8.7,5,8.7,4,7.0,1,1.8,1,1.8,0,0.0,0,0.0,0,0.0,0,0.0
E10000019,Lincolnshire,83,10.8,76,9.9,71,9.3,63,8.2,61,8.0,58,7.6,37,4.8,54,7.1,52,6.8,49,6.4,42,5.5,40,5.3,38,5.0,29,3.8
E07000136,Boston,9,12.7,9,12.7,7,9.9,7,9.9,7,9.9,5,7.1,5,7.1,5,7.1,5,7.1,5,7.1,1,1.4,1,1.4,1,1.4,1,1.4
E07000137,East Lindsey,7,4.9,7,4.9,7,4.9,6,4.2,6,4.2,6,4.2,6,4.2,6,4.2,6,4.2,6,4.2,5,3.5,5,3.6,5,3.6,4,2.8
E07000138,Lincoln,13,12.7,13,13.0,14,14.0,13,13.0,13,13.0,11,11.0,10,10.0,9,9.1,9,9.1,6,6.0,6,6.0,5,5.0,3,3.0,2,2.0
E07000139,North Kesteven,4,3.4,1,0.8,1,0.8,1,0.8,1,0.8,2,1.7,0,0.0,0,0.0,0,0.0,0,0.0,0,0.0,0,0.0,0,0.0,0,0.0
E07000140,South Holland,4,4.2,4,4.2,1,1.0,0,0.0,0,0.0,0,0.0,0,0.0,0,0.0,0,0.0,0,0.0,0,0.0,0,0.0,0,0.0,0,0.0
E07000141,South Kesteven,32,22.3,31,21.6,31,21.6,26,18.2,26,18.2,26,18.2,8,5.6,26,18.3,26,18.3,26,18.3,24,16.9,23,16.2,23,16.2,15,10.6
E07000142,West Lindsey,14,14.6,11,11.4,10,10.4,10,10.4,8,8.3,8,8.3,8,8.3,8,8.4,6,6.3,6,6.3,6,6.3,6,6.3,6,6.3,7,7.4
E10000021,Northamptonshire (abolished April 2021),x,x,x,x,x,x,x,x,x,x,x,x,x,x,37,4.9,33,4.4,32,4.2,30,4.0,30,4.0,29,3.9,23,3.1
E07000150,Corby (abolished April 2021),x,x,x,x,x,x,x,x,x,x,x,x,x,x,4,5.5,4,5.5,4,5.5,4,5.5,4,5.6,4,5.6,4,5.6
E07000151,Daventry (abolished April 2021),x,x,x,x,x,x,x,x,x,x,x,x,x,x,6,7.0,6,7.0,6,7.0,6,7.0,6,7.1,6,7.1,6,7.1
E07000152,East Northamptonshire (abolished April 2021),x,x,x,x,x,x,x,x,x,x,x,x,x,x,0,0.0,0,0.0,0,0.0,0,0.0,0,0.0,0,0.0,0,0.0
E07000153,Kettering (abolished April 2021),x,x,x,x,x,x,x,x,x,x,x,x,x,x,8,7.9,4,3.9,3,2.9,3,2.9,3,3.0,3,3.0,2,2.0
E07000154,Northampton (abolished April 2021),x,x,x,x,x,x,x,x,x,x,x,x,x,x,2,0.9,2,0.9,2,0.9,2,0.9,2,0.9,1,0.4,0,0.0
E07000155,South Northamptonshire (abolished April 2021),x,x,x,x,x,x,x,x,x,x,x,x,x,x,14,14.8,14,14.8,14,14.8,13,13.8,13,14.1,13,14.1,9,9.7
E07000156,Wellingborough (abolished April 2021),x,x,x,x,x,x,x,x,x,x,x,x,x,x,3,3.8,3,3.8,3,3.8,2,2.5,2,2.5,2,2.5,2,2.5
E10000024,Nottinghamshire,110,13.3,115,13.8,99,11.9,92,11.0,81,9.7,76,9.1,76,9.1,65,7.8,57,6.9,46,5.6,46,5.6,42,5.1,35,4.3,20,2.4
E07000170,Ashfield,10,7.9,10,7.8,10,7.8,8,6.2,4,3.1,4,3.1,4,3.1,4,3.1,2,1.6,2,1.6,2,1.6,2,1.6,3,2.4,1,0.8
E07000171,Bassetlaw,28,23.7,32,27.1,20,16.9,20,16.9,19,16.1,19,16.1,19,16.1,19,16.2,19,16.2,12,10.2,13,11.1,13,11.1,8,6.8,4,3.4
E07000172,Broxtowe,11,9.9,10,8.7,10,8.7,10,8.7,8,7.0,8,7.0,8,7.0,7,6.1,7,6.1,7,6.1,7,6.1,7,6.2,6,5.3,6,5.3
E07000173,Gedling,6,5.1,5,4.2,5,4.2,5,4.2,5,4.2,5,4.2,5,4.2,5,4.2,5,4.2,5,4.2,5,4.2,5,4.2,4,3.4,3,2.5
E07000174,Mansfield,12,10.8,12,11.0,12,11.0,12,11.0,12,11.0,11,10.1,11,10.1,10,9.1,9,8.2,7,6.4,6,5.5,6,5.5,8,7.4,3,2.8
E07000175,Newark and Sherwood,12,9.7,13,10.6,13,10.6,11,8.9,11,8.9,11,8.9,11,8.9,9,7.4,9,7.4,7,5.7,7,5.7,6,4.9,4,3.3,1,0.8
E07000176,Rushcliffe,31,26.0,33,27.2,29,23.9,26,21.4,22,18.1,18,14.8,18,14.8,11,9.2,6,5.0,6,5.0,6,5.0,3,2.5,2,1.7,2,1.7
E12000005,West Midlands,660,11.1,633,10.6,583,9.8,531,8.9,495,8.3,467,7.8,427,7.2,384,6.5,352,5.9,321,5.4,281,4.7,275,4.7,258,4.4,229,3.9
E06000019,"Herefordshire, County of",13,6.9,13,6.7,15,7.7,15,7.7,15,7.7,14,7.2,13,6.7,10,5.2,10,5.2,9,4.7,7,3.6,7,3.6,6,3.1,5,2.6
E06000051,Shropshire,27,8.3,27,8.3,26,8.0,25,7.7,23,7.1,23,7.1,21,6.5,21,6.5,21,6.5,19,5.9,19,5.9,17,5.3,17,5.3,14,4.4
E06000021,Stoke-on-Trent,20,7.8,19,7.4,15,5.8,10,3.9,10,3.9,10,3.9,8,3.1,8,3.1,6,2.3,5,2.0,4,1.6,4,1.6,3,1.2,5,2.0
E06000020,Telford and Wrekin,10,5.4,10,5.5,7,3.9,7,3.9,7,3.9,7,3.9,7,3.9,5,2.8,5,2.8,5,2.8,5,2.8,4,2.2,4,2.2,2,1.1
E10000028,Staffordshire,143,16.3,137,15.5,124,14.0,112,12.7,105,11.9,97,11.0,85,9.6,83,9.4,81,9.2,78,8.9,52,5.9,51,5.8,45,5.1,42,4.8
E07000192,Cannock Chase,17,16.9,16,15.8,11,10.8,11,10.8,9,8.9,9,8.9,9,8.9,9,8.9,8,7.9,7,6.9,7,6.9,7,7.0,7,7.0,5,5.0
E07000193,East Staffordshire,22,17.7,18,14.9,17,14.1,16,13.2,15,12.4,8,6.6,8,6.6,6,5.0,6,5.0,5,4.2,5,4.2,5,4.2,4,3.4,4,3.4
E07000194,Lichfield,5,4.7,5,4.7,5,4.7,4,3.8,2,1.9,2,1.9,3,2.8,3,2.9,3,2.9,3,2.9,2,1.9,2,1.9,1,1.0,1,1.0
E07000195,Newcastle-under-Lyme,25,20.3,23,17.7,23,17.7,22,17.0,22,17.0,22,17.0,22,17.0,21,16.2,20,15.5,20,15.5,19,14.7,19,14.7,19,14.7,19,14.7
E07000196,South Staffordshire,31,28.0,31,27.6,30,26.7,31,27.6,31,27.6,31,27.6,29,25.8,31,27.6,31,27.6,31,27.6,9,8.0,8,7.1,5,4.5,5,4.5
E07000197,Stafford,38,27.7,38,27.6,32,23.2,22,16.0,20,14.5,19,13.8,8,5.8,8,5.8,8,5.8,7,5.1,7,5.1,7,5.2,7,5.2,7,5.2
E07000198,Staffordshire Moorlands,2,2.1,2,2.0,2,2.0,2,2.0,2,2.0,2,2.0,2,2.0,2,2.0,2,2.0,2,2.0,1,1.0,1,1.0,1,1.0,0,0.0
E07000199,Tamworth,3,3.8,4,5.2,4,5.2,4,5.2,4,5.2,4,5.2,4,5.2,3,3.9,3,3.9,3,3.9,2,2.6,2,2.6,1,1.3,1,1.3
E10000031,Warwickshire,107,17.9,107,18.3,99,17.0,100,17.1,94,16.1,90,15.4,91,15.6,66,11.4,50,8.7,48,8.3,44,7.6,44,7.7,43,7.5,42,7.4
E07000218,North Warwickshire,20,30.6,20,30.6,20,30.6,20,30.6,19,29.0,19,29.0,19,29.0,19,29.1,4,6.1,4,6.1,4,6.1,4,6.2,4,6.2,4,6.2
E07000219,Nuneaton and Bedworth,9,6.7,9,6.9,8,6.1,7,5.4,7,5.4,6,4.6,6,4.6,6,4.6,6,4.6,5,3.8,5,3.8,5,3.9,5,3.9,5,3.9
E07000220,Rugby,28,24.4,28,25.3,28,25.3,30,27.1,27,24.4,27,24.4,27,24.4,3,2.8,3,2.8,3,2.8,0,0.0,0,0.0,0,0.0,0,0.0
E07000221,Stratford-on-Avon,39,28.7,39,29.5,31,23.4,31,23.4,30,22.7,31,23.4,31,23.4,31,23.8,30,23.1,29,22.3,28,21.5,28,21.9,28,21.9,28,21.9
E07000222,Warwick,11,7.4,11,7.6,12,8.3,12,8.3,11,7.6,7,4.8,8,5.5,7,4.9,7,4.9,7,4.9,7,4.9,7,4.9,6,4.2,5,3.5
E11000005,West Midlands (Metropolitan County),263,9.0,246,8.4,226,7.7,194,6.6,173,5.9,158,5.4,141,4.8,137,4.7,126,4.3,104,3.6,99,3.4,97,3.3,89,3.1,73,2.5
E08000025,Birmingham,109,9.5,96,8.4,82,7.2,67,5.9,50,4.4,44,3.9,31,2.7,28,2.5,27,2.4,11,1.0,13,1.1,12,1.1,10,0.9,6,0.5
E08000026,Coventry,51,14.9,51,13.4,50,13.2,50,13.2,49,12.9,45,11.9,45,11.9,46,12.4,43,11.6,42,11.3,39,10.5,38,10.4,34,9.3,30,8.2
E08000027,Dudley,18,5.6,16,5.0,15,4.7,13,4.0,11,3.4,11,3.4,11,3.4,11,3.4,11,3.4,11,3.4,11,3.4,11,3.4,9,2.8,7,2.2
E08000028,Sandwell,18,5.3,20,6.1,18,5.5,11,3.3,12,3.6,12,3.6,12,3.6,11,3.3,8,2.4,8,2.4,8,2.4,8,2.4,8,2.4,3,0.9
E08000029,Solihull,26,12.0,25,11.5,25,11.5,17,7.8,17,7.8,13,6.0,11,5.1,10,4.6,10,4.6,8,3.7,8,3.7,8,3.7,8,3.7,8,3.7
E08000030,Walsall,16,5.6,13,4.5,12,4.2,11,3.8,9,3.1,9,3.1,8,2.8,9,3.2,8,2.8,7,2.5,6,2.1,6,2.1,6,2.1,6,2.1
E08000031,Wolverhampton,25,9.5,25,9.5,24,9.1,25,9.5,25,9.5,24,9.1,23,8.7,22,8.4,19,7.2,17,6.5,14,5.3,14,5.3,14,5.3,13,5.0
E10000034,Worcestershire,77,12.7,74,12.4,71,11.9,68,11.4,68,11.4,68,11.4,61,10.2,54,9.1,53,8.9,53,8.9,51,8.6,51,8.6,51,8.6,46,7.8
E07000234,Bromsgrove,34,34.2,34,33.8,32,31.8,30,29.8,30,29.8,30,29.8,30,29.8,22,22.0,22,22.0,22,22.0,22,22.0,22,22.3,22,22.3,21,21.3
E07000235,Malvern Hills,4,5.0,4,5.0,4,5.0,4,5.0,4,5.0,4,5.0,4,5.0,4,5.1,4,5.1,4,5.1,4,5.1,4,5.1,4,5.1,4,5.1
E07000236,Redditch,6,6.9,5,5.8,5,5.8,2,2.3,2,2.3,2,2.3,2,2.3,3,3.5,3,3.5,3,3.5,2,2.3,2,2.4,2,2.4,2,2.4
E07000237,Worcester,13,12.5,13,13.0,12,12.0,13,13.0,13,13.0,13,13.0,7,7.0,7,6.9,7,6.9,7,6.9,6,5.9,6,5.9,6,5.9,6,5.9
E07000238,Wychavon,11,8.3,11,8.4,11,8.4,13,9.9,13,9.9,14,10.7,13,9.9,14,10.8,14,10.8,14,10.8,14,10.8,14,11.0,14,11.0,10,7.9
E07000239,Wyre Forest,9,8.8,7,6.9,7,6.9,6,5.9,6,5.9,5,4.9,5,4.9,4,3.9,3,3.0,3,3.0,3,3.0,3,3.0,3,3.0,3,3.0
E12000006,East of England,567,8.9,539,8.6,521,8.3,439,7.0,402,6.4,379,6.0,371,5.9,338,5.4,300,4.8,263,4.2,211,3.4,203,3.3,185,3.0,168,2.7
E06000055,Bedford,26,14.0,27,15.5,27,15.5,23,13.2,22,12.6,22,12.6,19,10.9,18,10.4,18,10.4,17,9.8,7,4.0,6,3.5,6,3.5,5,2.9
E06000056,Central Bedfordshire,13,4.4,13,4.4,11,3.7,12,4.1,13,4.4,13,4.4,11,3.7,11,3.8,10,3.5,10,3.5,9,3.1,9,3.2,8,2.8,9,3.2
E06000032,Luton,4,1.8,3,1.4,3,1.4,4,1.9,4,1.9,3,1.4,3,1.4,3,1.4,3,1.4,3,1.4,2,0.9,3,1.4,3,1.4,2,0.9
E06000031,Peterborough,18,8.3,14,6.9,14,6.9,14,6.9,14,6.9,14,6.9,14,6.9,15,7.4,14,6.9,11,5.4,11,5.4,9,4.5,9,4.5,9,4.5
E06000033,Southend-on-Sea,5,2.8,5,2.7,4,2.2,4,2.2,3,1.6,3,1.6,3,1.6,3,1.6,2,1.1,2,1.1,2,1.1,2,1.1,2,1.1,1,0.5
E06000034,Thurrock,44,25.0,44,25.1,46,26.2,35,19.9,11,6.3,11,6.3,10,5.7,11,6.3,10,5.7,10,5.7,10,5.7,10,5.8,9,5.2,9,5.2
E10000003,Cambridgeshire,57,8.4,54,8.2,54,8.2,52,7.9,54,8.2,52,7.9,50,7.6,36,5.5,32,4.9,32,4.9,24,3.7,18,2.8,16,2.5,16,2.5
E07000008,Cambridge,25,17.3,25,20.0,25,20.0,24,19.2,24,19.2,24,19.2,22,17.6,8,6.4,8,6.4,8,6.4,8,6.4,8,6.4,6,4.8,6,4.8
E07000009,East Cambridgeshire,3,3.4,3,3.3,3,3.3,3,3.3,2,2.2,2,2.2,2,2.2,2,2.2,2,2.2,2,2.2,2,2.2,2,2.2,2,2.2,2,2.2
E07000010,Fenland,1,1.0,1,1.0,1,1.0,1,1.0,1,1.0,1,1.0,1,1.0,1,1.0,1,1.0,1,1.0,0,0.0,0,0.0,0,0.0,0,0.0
E07000011,Huntingdonshire,16,8.8,16,8.9,16,8.9,15,8.4,15,8.4,14,7.8,14,7.8,14,7.9,10,5.6,10,5.6,8,4.5,3,1.7,3,1.7,3,1.7
E07000012,South Cambridgeshire,12,7.4,9,5.6,9,5.6,9,5.6,12,7.5,11,6.8,11,6.8,11,6.9,11,6.9,11,6.9,6,3.8,5,3.2,5,3.2,5,3.2
E10000012,Essex,143,9.5,139,9.3,128,8.5,122,8.1,117,7.8,109,7.3,109,7.3,96,6.4,88,5.9,62,4.2,43,2.9,44,3.0,37,2.5,34,2.3
E07000066,Basildon,11,5.9,11,5.9,11,5.9,11,5.9,11,5.9,10,5.3,10,5.3,9,4.8,6,3.2,5,2.7,2,1.1,2,1.1,0,0.0,0,0.0
E07000067,Braintree,36,23.1,34,22.2,35,22.9,35,22.9,35,22.9,35,22.9,35,22.9,23,15.1,23,15.1,5,3.3,5,3.3,5,3.3,5,3.3,4,2.6
E07000068,Brentwood,2,2.6,2,2.6,2,2.6,2,2.6,2,2.6,2,2.6,2,2.6,2,2.6,1,1.3,1,1.3,1,1.3,1,1.3,1,1.3,1,1.3
E07000069,Castle Point,3,3.3,3,3.3,3,3.3,3,3.3,3,3.3,3,3.3,3,3.3,3,3.3,2,2.2,2,2.2,1,1.1,1,1.1,1,1.1,1,1.1
E07000070,Chelmsford,20,11.0,20,11.1,21,11.7,21,11.7,19,10.6,16,8.9,16,8.9,16,9.0,16,9.0,8,4.5,7,3.9,7,4.0,6,3.4,6,3.4
E07000071,Colchester,29,15.1,29,14.7,25,12.7,24,12.2,21,10.6,19,9.6,19,9.6,19,9.8,19,9.8,20,10.3,8,4.1,8,4.2,7,3.6,5,2.6
E07000072,Epping Forest,11,8.2,10,7.6,10,7.6,8,6.1,9,6.8,9,6.8,9,6.8,9,6.8,8,6.1,8,6.1,6,4.6,6,4.6,6,4.6,6,4.6
E07000073,Harlow,0,0.0,0,0.0,0,0.0,0,0.0,0,0.0,0,0.0,0,0.0,0,0.0,0,0.0,0,0.0,0,0.0,0,0.0,0,0.0,0,0.0
E07000074,Maldon,4,6.0,3,4.6,3,4.6,2,3.1,1,1.5,1,1.5,1,1.5,1,1.5,1,1.5,1,1.5,1,1.5,1,1.6,1,1.6,1,1.6
E07000075,Rochford,10,11.6,10,11.4,8,9.1,6,6.8,6,6.8,4,4.6,4,4.6,4,4.6,2,2.3,2,2.3,2,2.3,2,2.3,0,0.0,0,0.0
E07000076,Tendring,8,5.4,8,5.4,2,1.4,2,1.4,2,1.4,2,1.4,2,1.4,2,1.4,2,1.4,2,1.4,2,1.4,3,2.1,2,1.4,2,1.4
E07000077,Uttlesford,9,9.8,9,9.7,8,8.6,8,8.6,8,8.6,8,8.6,8,8.6,8,8.8,8,8.8,8,8.8,8,8.8,8,9.0,8,9.0,8,9.0
E10000015,Hertfordshire,84,7.0,80,6.7,78,6.5,63,5.3,58,4.9,59,4.9,60,5.0,55,4.6,53,4.5,50,4.2,43,3.6,42,3.5,37,3.1,34,2.9
E07000095,Broxbourne,3,3.0,3,3.1,3,3.1,3,3.1,3,3.1,3,3.1,3,3.1,2,2.1,2,2.1,2,2.1,2,2.1,2,2.1,1,1.0,1,1.0
E07000096,Dacorum,6,3.9,6,3.9,4,2.6,4,2.6,4,2.6,4,2.6,4,2.6,4,2.6,4,2.6,4,2.6,4,2.6,4,2.6,3,1.9,2,1.3
E07000242,East Hertfordshire,2,1.3,2,1.3,2,1.3,0,0.0,0,0.0,0,0.0,0,0.0,0,0.0,0,0.0,0,0.0,0,0.0,0,0.0,0,0.0,0,0.0
E07000098,Hertsmere,28,25.9,27,25.6,25,23.7,19,18.0,19,18.0,19,18.0,19,18.0,17,16.2,17,16.2,17,16.2,16,15.2,16,15.4,15,14.4,15,14.4
E07000099,North Hertfordshire,15,11.2,15,11.2,15,11.2,10,7.5,9,6.7,10,7.5,10,7.5,8,6.0,8,6.0,8,6.0,4,3.0,4,3.0,4,3.0,3,2.3
E07000240,St Albans,10,6.7,12,8.0,10,6.7,10,6.7,6,4.0,6,4.0,6,4.0,6,4.0,6,4.0,6,4.0,6,4.0,6,4.1,5,3.4,5,3.4
E07000243,Stevenage,4,4.5,2,2.3,2,2.3,2,2.3,2,2.3,1,1.1,1,1.1,1,1.1,1,1.1,0,0.0,0,0.0,0,0.0,0,0.0,0,0.0
E07000102,Three Rivers,5,5.3,3,3.2,4,4.3,4,4.3,4,4.3,5,5.3,5,5.3,4,4.3,4,4.3,4,4.3,2,2.1,2,2.1,1,1.1,1,1.1
E07000103,Watford,4,3.9,4,4.1,7,7.2,7,7.2,7,7.2,7,7.2,7,7.2,8,8.3,7,7.2,5,5.2,5,5.2,4,4.1,4,4.1,4,4.1
E07000241,Welwyn Hatfield,7,5.9,6,4.8,6,4.8,4,3.2,4,3.2,4,3.2,5,4.0,5,4.1,4,3.3,4,3.3,4,3.3,4,3.3,4,3.3,3,2.4
E10000020,Norfolk,111,12.1,107,11.7,109,11.9,71,7.8,66,7.2,56,6.1,55,6.0,53,5.8,33,3.6,34,3.7,31,3.4,31,3.4,30,3.3,24,2.7
E07000143,Breckland,26,18.3,24,17.0,24,17.0,24,17.0,23,16.3,17,12.0,17,12.0,16,11.4,8,5.7,9,6.4,8,5.7,8,5.7,8,5.7,7,5.0
E07000144,Broadland,39,29.5,38,28.8,38,28.8,7,5.3,7,5.3,7,5.3,6,4.5,6,4.6,5,3.8,5,3.8,3,2.3,3,2.3,3,2.3,2,1.5
E07000145,Great Yarmouth,2,2.0,2,2.0,2,2.0,2,2.0,2,2.0,2,2.0,2,2.0,2,2.0,2,2.0,2,2.0,2,2.0,2,2.0,2,2.0,2,2.0
E07000146,King's Lynn and West Norfolk,13,8.4,13,8.6,12,7.9,15,9.9,15,9.9,15,9.9,15,9.9,15,9.9,5,3.3,5,3.3,5,3.3,5,3.3,5,3.3,4,2.6
E07000147,North Norfolk,5,4.8,3,2.9,5,4.8,3,2.9,3,2.9,3,2.9,3,2.9,3,2.9,3,2.9,3,2.9,3,2.9,3,2.9,2,1.9,1,1.0
E07000148,Norwich,14,9.8,16,11.3,14,9.8,8,5.6,7,4.9,7,4.9,7,4.9,6,4.3,6,4.3,6,4.3,6,4.3,6,4.3,6,4.3,6,4.3
E07000149,South Norfolk,12,8.4,11,7.7,14,9.8,12,8.4,9,6.3,5,3.5,5,3.5,5,3.5,4,2.8,4,2.8,4,2.8,4,2.9,4,2.9,2,1.4
E10000029,Suffolk,62,8.1,53,7.0,47,6.2,39,5.1,40,5.3,37,4.9,37,4.9,37,4.9,37,4.9,32,4.2,29,3.8,29,3.8,28,3.7,25,3.3
E07000200,Babergh,11,11.9,11,11.9,4,4.3,4,4.3,4,4.3,4,4.3,4,4.3,4,4.3,4,4.3,4,4.3,4,4.3,4,4.4,4,4.4,3,3.3
E07000244,East Suffolk,10,4.1,9,3.6,10,4.0,11,4.4,10,4.0,10,4.0,10,4.0,10,4.0,10,4.0,9,3.6,7,2.8,7,2.8,6,2.4,4,1.6
E07000202,Ipswich,4,2.9,4,2.9,4,2.9,3,2.2,4,2.9,4,2.9,4,2.9,4,2.9,4,2.9,3,2.2,3,2.2,3,2.2,3,2.2,3,2.2
E07000203,Mid Suffolk,4,3.9,4,3.8,4,3.8,4,3.8,4,3.8,4,3.8,4,3.8,4,3.9,4,3.9,1,1.0,1,1.0,1,1.0,1,1.0,1,1.0
E07000245,West Suffolk,33,18.3,25,14.1,25,14.1,17,9.6,18,10.2,15,8.5,15,8.5,15,8.4,15,8.4,15,8.4,14,7.8,14,7.8,14,7.8,14,7.8
E12000007,London,854,9.7,820,9.1,760,8.4,736,8.2,722,8.0,692,7.7,615,6.8,579,6.5,515,5.7,465,5.2,437,4.9,430,4.8,385,4.3,323,3.6
E13000001,Inner London,352,10.3,330,9.0,326,8.9,326,8.9,323,8.8,311,8.5,261,7.1,256,7.0,224,6.2,204,5.6,193,5.3,188,5.2,169,4.7,134,3.7
E09000007,Camden,14,6.7,14,5.0,11,3.9,11,3.9,11,3.9,11,3.9,11,3.9,14,5.2,9,3.3,6,2.2,5,1.9,5,1.9,5,1.9,4,1.5
E09000001,City of London,7,81.2,4,36.6,4,36.6,1,9.1,1,9.1,1,9.1,1,9.1,1,10.3,1,10.3,1,10.3,1,10.3,1,11.5,1,11.5,1,11.5
E09000012,Hackney,16,6.2,16,5.7,17,6.1,17,6.1,17,6.1,18,6.4,18,6.4,18,6.4,17,6.0,15,5.3,12,4.3,12,4.3,12,4.3,12,4.3
E09000013,Hammersmith and Fulham,49,26.7,49,26.7,50,27.2,50,27.2,46,25.1,39,21.2,39,21.2,41,22.1,37,20.0,37,20.0,34,18.4,34,18.3,28,15.1,12,6.5
E09000014,Haringey,26,9.8,23,8.6,23,8.6,23,8.6,23,8.6,19,7.1,15,5.6,15,5.6,15,5.6,11,4.1,12,4.5,11,4.1,11,4.1,7,2.6
E09000019,Islington,25,11.5,23,9.3,22,8.9,23,9.3,24,9.7,25,10.1,23,9.3,23,9.5,21,8.7,21,8.7,20,8.2,20,8.4,18,7.5,14,5.9
E09000020,Kensington and Chelsea,5,3.5,5,3.2,5,3.2,5,3.2,5,3.2,5,3.2,5,3.2,5,3.2,5,3.2,5,3.2,5,3.2,5,3.2,2,1.3,2,1.3
E09000022,Lambeth,21,6.6,21,6.5,20,6.2,20,6.2,20,6.2,19,5.9,19,5.9,18,5.5,19,5.8,18,5.5,18,5.5,18,5.5,15,4.6,9,2.8
E09000023,Lewisham,31,10.3,18,5.9,18,5.9,21,6.9,21,6.9,21,6.9,21,6.9,17,5.6,12,3.9,12,3.9,12,3.9,10,3.3,7,2.3,7,2.3
E09000025,Newham,11,3.1,12,3.4,12,3.4,13,3.7,14,3.9,13,3.7,13,3.7,14,4.0,14,4.0,15,4.2,13,3.7,11,3.1,10,2.8,5,1.4
E09000028,Southwark,26,8.5,26,8.1,26,8.1,24,7.5,24,7.5,24,7.5,23,7.2,24,7.5,15,4.7,14,4.4,13,4.1,13,4.1,12,3.8,13,4.1
E09000030,Tower Hamlets,18,5.8,20,6.0,20,6.0,20,6.0,20,6.0,22,6.6,20,6.0,12,3.7,11,3.4,11,3.4,11,3.4,11,3.5,12,3.8,11,3.5
E09000032,Wandsworth,31,9.4,28,8.5,25,7.6,25,7.6,25,7.6,25,7.6,13,3.9,14,4.2,13,3.9,13,3.9,13,3.9,13,4.0,13,4.0,15,4.6
E09000033,Westminster,72,35.1,71,26.3,73,27.1,73,27.1,72,26.7,69,25.6,40,14.8,40,15.3,35,13.4,25,9.6,24,9.2,24,9.4,23,9.0,22,8.6
E13000002,Outer London,502,9.3,490,9.2,434,8.1,410,7.7,399,7.5,381,7.1,354,6.6,323,6.1,291,5.5,261,4.9,244,4.6,242,4.6,216,4.1,189,3.6
E09000002,Barking and Dagenham,11,5.0,11,5.1,9,4.2,9,4.2,9,4.2,9,4.2,9,4.2,9,4.2,5,2.3,2,0.9,2,0.9,2,0.9,1,0.5,1,0.5
E09000003,Barnet,36,9.3,28,7.0,21,5.3,23,5.8,25,6.3,24,6.0,23,5.8,22,5.6,22,5.6,22,5.6,20,5.1,20,5.1,20,5.1,21,5.4
E09000004,Bexley,21,8.5,21,8.4,22,8.8,22,8.8,22,8.8,17,6.8,13,5.2,13,5.2,12,4.8,8,3.2,8,3.2,8,3.2,8,3.2,7,2.8
E09000005,Brent,19,5.6,18,5.5,18,5.5,19,5.8,21,6.4,21,6.4,19,5.8,19,5.8,16,4.9,16,4.9,16,4.9,16,4.8,14,4.2,14,4.2
E09000006,Bromley,36,10.9,35,10.5,18,5.4,18,5.4,17,5.1,17,5.1,16,4.8,15,4.5,14,4.2,14,4.2,11,3.3,10,3.0,8,2.4,8,2.4
E09000008,Croydon,45,11.5,45,11.6,33,8.5,24,6.2,27,6.9,23,5.9,22,5.7,23,5.9,24,6.2,23,5.9,20,5.2,20,5.2,19,4.9,18,4.7
E09000009,Ealing,36,9.8,35,10.3,35,10.3,35,10.3,36,10.6,37,10.9,37,10.9,37,10.8,36,10.5,31,9.1,31,9.1,31,9.1,29,8.5,12,3.5
E09000010,Enfield,25,7.6,25,7.5,25,7.5,24,7.2,21,6.3,21,6.3,20,6.0,16,4.8,15,4.5,14,4.2,14,4.2,14,4.2,12,3.6,7,2.1
E09000011,Greenwich,56,19.4,57,19.7,58,20.1,52,18.0,50,17.3,48,16.6,32,11.1,32,11.1,31,10.8,30,10.4,28,9.7,28,9.8,15,5.2,15,5.2
E09000015,Harrow,10,3.8,8,3.2,8,3.2,8,3.2,8,3.2,8,3.2,8,3.2,8,3.2,5,2.0,4,1.6,5,2.0,4,1.6,4,1.6,4,1.6
E09000016,Havering,25,9.5,25,9.6,13,5.0,13,5.0,14,5.4,14,5.4,14,5.4,14,5.4,9,3.5,7,2.7,6,2.3,6,2.3,6,2.3,6,2.3
E09000017,Hillingdon,41,13.5,41,13.3,41,13.3,42,13.6,43,13.9,43,13.9,43,13.9,32,10.4,28,9.1,28,9.1,29,9.5,29,9.5,29,9.5,26,8.5
E09000018,Hounslow,36,12.5,36,13.2,34,12.5,26,9.6,24,8.8,24,8.8,23,8.5,20,7.4,20,7.4,19,7.0,17,6.3,17,6.3,16,5.9,16,5.9
E09000021,Kingston upon Thames,16,9.5,16,8.9,16,8.9,16,8.9,8,4.5,8,4.5,8,4.5,8,4.5,8,4.5,4,2.3,2,1.1,2,1.1,2,1.1,2,1.1
E09000024,Merton,17,7.9,17,8.2,17,8.2,17,8.2,17,8.2,17,8.2,17,8.2,13,6.3,10,4.8,7,3.4,6,2.9,6,2.9,6,2.9,6,2.9
E09000026,Redbridge,32,10.3,32,10.5,27,8.8,28,9.2,28,9.2,24,7.9,24,7.9,18,5.9,18,5.9,16,5.2,16,5.2,16,5.3,15,4.9,14,4.6
E09000027,Richmond upon Thames,9,4.6,9,4.5,8,4.0,8,4.0,8,4.0,8,4.0,8,4.0,7,3.5,7,3.5,6,3.0,5,2.5,5,2.5,5,2.5,5,2.5
E09000029,Sutton,18,8.6,18,8.7,18,8.7,13,6.3,13,6.3,10,4.8,10,4.8,10,4.8,7,3.4,6,2.9,6,2.9,6,2.9,6,2.9,6,2.9
E09000031,Waltham Forest,13,4.7,13,4.7,13,4.7,13,4.7,8,2.9,8,2.9,8,2.9,7,2.5,4,1.4,4,1.4,2,0.7,2,0.7,1,0.4,1,0.4
E12000008,South East,978,10.5,947,10.3,880,9.5,835,9.1,794,8.6,760,8.2,711,7.7,703,7.7,636,6.9,573,6.2,532,5.8,514,5.6,488,5.3,469,5.1
E06000036,Bracknell Forest,2,1.6,3,2.4,2,1.6,2,1.6,2,1.6,2,1.6,1,0.8,1,0.8,1,0.8,1,0.8,1,0.8,1,0.8,1,0.8,1,0.8
E06000043,Brighton and Hove,16,5.8,18,6.2,17,5.8,17,5.8,13,4.5,13,4.5,10,3.4,4,1.4,2,0.7,3,1.0,1,0.3,1,0.3,1,0.3,1,0.3
E06000046,Isle of Wight,6,4.3,6,4.2,5,3.5,3,2.1,3,2.1,3,2.1,3,2.1,2,1.4,2,1.4,2,1.4,3,2.1,3,2.1,3,2.1,2,1.4
E06000035,Medway,8,2.9,7,2.5,7,2.5,7,2.5,5,1.8,6,2.1,7,2.5,7,2.5,5,1.8,6,2.2,6,2.2,6,2.2,5,1.8,5,1.8
E06000042,Milton Keynes,118,40.9,110,40.7,108,40.0,129,47.7,121,44.8,123,45.5,117,43.3,116,43.0,114,42.3,93,34.5,89,33.0,89,33.1,88,32.8,88,32.8
E06000044,Portsmouth,7,3.4,5,2.3,5,2.3,5,2.3,5,2.3,5,2.3,5,2.3,3,1.4,2,0.9,2,0.9,2,0.9,2,0.9,2,0.9,2,0.9
E06000038,Reading,20,11.5,21,13.1,9,5.6,9,5.6,11,6.9,10,6.2,10,6.2,8,4.9,8,4.9,8,4.9,7,4.3,7,4.3,6,3.7,11,6.7
E06000039,Slough,35,22.1,36,24.1,36,24.1,36,24.1,35,23.4,31,20.7,31,20.7,30,20.1,29,19.4,21,14.0,21,14.0,21,14.1,21,14.1,13,8.7
E06000045,Southampton,12,4.9,12,4.7,12,4.7,10,4.0,10,4.0,10,4.0,5,2.0,6,2.4,5,2.0,5,2.0,4,1.6,4,1.6,3,1.2,3,1.2
E06000037,West Berkshire,52,32.1,40,25.2,37,23.3,37,23.3,36,22.7,36,22.7,34,21.5,31,19.6,29,18.3,29,18.3,29,18.3,29,18.3,28,17.7,28,17.7
E06000040,Windsor and Maidenhead,3,1.9,3,2.0,3,2.0,3,2.0,3,2.0,3,2.0,2,1.3,1,0.7,1,0.7,1,0.7,1,0.7,1,0.7,1,0.7,1,0.7
E06000041,Wokingham,38,21.3,38,21.8,36,20.7,35,20.1,35,20.1,35,20.1,35,20.1,35,20.5,34,19.9,32,18.7,31,18.1,31,18.5,31,18.5,27,16.1
E06000060,Buckinghamshire,41,7.4,42,7.7,36,6.6,36,6.6,35,6.4,33,6.0,33,6.0,33,6.1,27,5.0,25,4.6,22,4.0,22,4.1,17,3.1,16,3.0
E10000011,East Sussex,34,6.2,26,4.7,25,4.5,27,4.8,27,4.8,21,3.8,21,3.8,19,3.4,18,3.2,19,3.4,18,3.2,17,3.1,17,3.1,16,2.9
E07000061,Eastbourne,5,4.9,5,4.8,5,4.8,5,4.8,5,4.8,5,4.8,5,4.8,5,4.8,5,4.8,5,4.8,5,4.8,5,4.8,5,4.8,5,4.8
E07000062,Hastings,12,13.2,4,4.3,4,4.3,4,4.3,4,4.3,4,4.3,4,4.3,4,4.3,4,4.3,5,5.4,4,4.3,4,4.3,4,4.3,4,4.3
E07000063,Lewes,3,3.0,3,2.9,3,2.9,5,4.8,5,4.8,5,4.8,5,4.8,5,4.8,5,4.8,5,4.8,5,4.8,4,3.9,4,3.9,3,2.9
E07000064,Rother,8,8.6,8,8.3,8,8.3,8,8.3,8,8.3,2,2.1,2,2.1,1,1.0,1,1.0,1,1.0,1,1.0,1,1.0,1,1.0,1,1.0
E07000065,Wealden,6,3.7,6,3.7,5,3.1,5,3.1,5,3.1,5,3.1,5,3.1,4,2.5,3,1.9,3,1.9,3,1.9,3,1.9,3,1.9,3,1.9
E10000014,Hampshire,161,11.4,159,11.4,150,10.8,129,9.3,126,9.1,122,8.8,108,7.8,113,8.2,109,7.9,107,7.7,104,7.5,100,7.3,92,6.7,93,6.8
E07000084,Basingstoke and Deane,18,9.7,18,10.1,17,9.6,17,9.6,15,8.4,15,8.4,11,6.2,11,6.2,9,5.1,7,4.0,8,4.5,7,4.0,7,4.0,9,5.1
E07000085,East Hampshire,16,12.7,16,12.9,16,12.9,16,12.9,16,12.9,16,12.9,16,12.9,16,13.1,16,13.1,16,13.1,16,13.1,15,12.4,15,12.4,15,12.4
E07000086,Eastleigh,6,4.4,6,4.4,3,2.2,2,1.5,2,1.5,2,1.5,3,2.2,3,2.2,3,2.2,3,2.2,2,1.5,2,1.5,2,1.5,2,1.5
E07000087,Fareham,9,7.8,9,7.7,9,7.7,7,6.0,7,6.0,7,6.0,6,5.2,6,5.2,6,5.2,6,5.2,6,5.2,6,5.2,6,5.2,6,5.2
E07000088,Gosport,5,6.1,5,5.9,5,5.9,5,5.9,5,5.9,3,3.5,3,3.5,3,3.5,3,3.5,3,3.5,3,3.5,3,3.5,3,3.5,3,3.5
E07000089,Hart,20,19.9,20,20.5,20,20.5,18,18.4,20,20.5,20,20.5,19,19.5,19,19.6,19,19.6,19,19.6,19,19.6,19,19.7,15,15.6,13,13.5
E07000090,Havant,18,14.5,18,14.2,18,14.2,18,14.2,18,14.2,18,14.2,16,12.7,16,12.7,16,12.7,16,12.7,16,12.7,16,12.7,14,11.1,14,11.1
E07000091,New Forest,8,4.5,7,3.9,7,3.9,7,3.9,5,2.8,4,2.2,4,2.2,5,2.8,5,2.8,5,2.8,3,1.7,3,1.7,3,1.7,3,1.7
E07000092,Rushmoor,15,15.0,14,14.8,14,14.8,11,11.7,11,11.7,10,10.6,6,6.4,6,6.3,5,5.3,5,5.3,4,4.2,4,4.2,4,4.2,4,4.2
E07000093,Test Valley,11,8.4,11,8.7,11,8.7,10,7.9,10,7.9,10,7.9,9,7.1,11,8.7,11,8.7,11,8.7,11,8.7,10,8.0,8,6.4,9,7.2
E07000094,Winchester,35,27.4,35,27.8,30,23.8,18,14.3,17,13.5,17,13.5,15,11.9,17,13.6,16,12.8,16,12.8,16,12.8,15,12.1,15,12.1,15,12.1
E10000016,Kent,161,10.2,159,10.0,147,9.3,142,8.9,126,7.9,118,7.4,108,6.8,111,7.0,99,6.3,80,5.1,71,4.5,69,4.4,67,4.3,64,4.1
E07000105,Ashford,2,1.5,2,1.5,2,1.5,2,1.5,2,1.5,2,1.5,2,1.5,2,1.5,2,1.5,2,1.5,2,1.5,2,1.5,2,1.5,2,1.5
E07000106,Canterbury,5,3.2,6,3.6,6,3.6,4,2.4,4,2.4,4,2.4,3,1.8,4,2.4,3,1.8,3,1.8,2,1.2,2,1.2,1,0.6,1,0.6
E07000107,Dartford,40,34.3,40,35.1,40,35.1,40,35.1,28,24.6,26,22.8,26,22.8,30,26.6,24,21.3,11,9.8,11,9.8,11,10.0,11,10.0,9,8.2
E07000108,Dover,13,11.1,14,11.8,6,5.1,6,5.1,4,3.4,5,4.2,5,4.2,2,1.7,2,1.7,2,1.7,2,1.7,2,1.7,2,1.7,2,1.7
E07000112,Folkestone and Hythe,19,17.3,20,17.6,21,18.5,20,17.6,20,17.6,20,17.6,20,17.6,20,17.7,16,14.2,15,13.3,15,13.3,15,13.3,15,13.3,15,13.3
E07000109,Gravesham,4,3.7,4,3.7,4,3.7,4,3.7,4,3.7,2,1.9,2,1.9,2,1.9,2,1.9,2,1.9,2,1.9,2,1.9,2,1.9,2,1.9
E07000110,Maidstone,25,14.1,25,14.4,24,13.9,22,12.7,22,12.7,22,12.7,22,12.7,22,12.8,22,12.8,22,12.8,17,9.9,17,10.0,16,9.4,15,8.8
E07000111,Sevenoaks,14,11.6,13,10.7,13,10.7,13,10.7,13,10.7,13,10.7,5,4.1,5,4.1,5,4.1,5,4.1,5,4.1,5,4.2,5,4.2,5,4.2
E07000113,Swale,10,6.6,7,4.6,7,4.6,7,4.6,5,3.3,3,2.0,3,2.0,3,2.0,3,2.0,3,2.0,1,0.7,1,0.7,1,0.7,1,0.7
E07000114,Thanet,9,6.4,9,6.4,7,4.9,7,4.9,7,4.9,7,4.9,7,4.9,7,4.9,7,4.9,5,3.5,4,2.8,4,2.8,4,2.8,4,2.8
E07000115,Tonbridge and Malling,13,9.8,13,9.8,13,9.8,13,9.8,13,9.8,10,7.5,10,7.5,11,8.3,10,7.6,7,5.3,7,5.3,5,3.8,5,3.8,5,3.8
E07000116,Tunbridge Wells,7,6.1,6,5.0,4,3.4,4,3.4,4,3.4,4,3.4,3,2.5,3,2.5,3,2.5,3,2.5,3,2.5,3,2.5,3,2.5,3,2.5
E10000025,Oxfordshire,106,14.6,104,14.9,91,13.1,74,10.6,75,10.8,73,10.5,73,10.5,72,10.4,46,6.7,44,6.4,41,5.9,38,5.5,38,5.5,36,5.2
E07000177,Cherwell,33,20.4,33,21.7,33,21.7,30,19.8,30,19.8,30,19.8,30,19.8,30,19.9,10,6.6,9,6.0,7,4.7,7,4.7,7,4.7,6,4.0
E07000178,Oxford,32,20.0,32,21.1,21,13.9,7,4.6,7,4.6,5,3.3,5,3.3,5,3.3,5,3.3,5,3.3,4,2.6,4,2.6,4,2.6,2,1.3
E07000179,South Oxfordshire,22,14.7,21,14.6,21,14.6,21,14.6,21,14.6,21,14.6,21,14.6,21,14.8,21,14.8,20,14.1,20,14.1,20,14.2,20,14.2,20,14.2
E07000180,Vale of White Horse,15,10.8,14,10.2,12,8.7,12,8.7,11,8.0,11,8.0,11,8.0,11,8.1,5,3.7,5,3.7,5,3.7,2,1.5,2,1.5,4,3.0
E07000181,West Oxfordshire,4,3.5,4,3.6,4,3.6,4,3.6,6,5.4,6,5.4,6,5.4,5,4.5,5,4.5,5,4.5,5,4.5,5,4.6,5,4.6,4,3.6
E10000030,Surrey,99,8.2,99,8.3,95,7.9,79,6.6,73,6.1,71,5.9,67,5.6,68,5.7,66,5.5,63,5.3,53,4.4,49,4.1,44,3.7,41,3.4
E07000207,Elmbridge,23,16.5,23,16.8,22,16.0,22,16.0,22,16.0,22,16.0,22,16.0,22,16.1,21,15.4,21,15.4,16,11.7,14,10.2,14,10.2,14,10.2
E07000208,Epsom and Ewell,2,2.5,2,2.5,2,2.5,2,2.5,2,2.5,2,2.5,1,1.2,1,1.2,1,1.2,1,1.2,0,0.0,0,0.0,0,0.0,0,0.0
E07000209,Guildford,18,12.5,18,12.0,18,12.0,8,5.3,5,3.3,4,2.7,4,2.7,4,2.7,4,2.7,3,2.0,2,1.3,2,1.4,2,1.4,2,1.4
E07000210,Mole Valley,4,4.6,4,4.6,4,4.6,4,4.6,4,4.6,4,4.6,4,4.6,4,4.6,4,4.6,2,2.3,2,2.3,2,2.3,2,2.3,1,1.1
E07000211,Reigate and Banstead,8,5.3,8,5.4,6,4.0,4,2.7,4,2.7,4,2.7,4,2.7,4,2.7,4,2.7,4,2.7,4,2.7,4,2.7,4,2.7,4,2.7
E07000212,Runnymede,5,5.7,5,5.5,4,4.4,4,4.4,4,4.4,4,4.4,4,4.4,4,4.5,4,4.5,4,4.5,4,4.5,4,4.5,4,4.5,4,4.5
E07000213,Spelthorne,9,8.7,9,9.0,9,9.0,8,8.0,6,6.0,6,6.0,6,6.0,7,7.0,7,7.0,7,7.0,7,7.0,6,6.0,3,3.0,3,3.0
E07000214,Surrey Heath,10,11.0,10,11.2,10,11.2,9,10.1,9,10.1,9,10.1,9,10.1,8,9.0,8,9.0,8,9.0,8,9.0,7,7.9,5,5.6,4,4.5
E07000215,Tandridge,9,10.2,9,10.2,9,10.2,9,10.2,9,10.2,8,9.0,6,6.8,8,9.1,8,9.1,8,9.1,6,6.8,6,6.9,6,6.9,6,6.9
E07000216,Waverley,10,7.8,10,7.9,10,7.9,8,6.3,7,5.5,7,5.5,6,4.7,5,4.0,4,3.2,4,3.2,4,3.2,4,3.2,4,3.2,3,2.4
E07000217,Woking,1,1.0,1,1.0,1,1.0,1,1.0,1,1.0,1,1.0,1,1.0,1,1.0,1,1.0,1,1.0,0,0.0,0,0.0,0,0.0,0,0.0
E10000032,West Sussex,59,6.7,59,6.8,59,6.8,55,6.3,53,6.1,45,5.2,41,4.7,43,5.0,39,4.5,32,3.7,28,3.2,24,2.8,23,2.7,21,2.4
E07000223,Adur,4,6.2,4,6.2,3,4.7,3,4.7,3,4.7,3,4.7,3,4.7,3,4.7,3,4.7,3,4.7,3,4.7,2,3.1,1,1.6,0,0.0
E07000224,Arun,7,4.2,7,4.3,7,4.3,5,3.1,4,2.5,4,2.5,4,2.5,4,2.5,2,1.2,2,1.2,1,0.6,1,0.6,1,0.6,1,0.6
E07000225,Chichester,12,9.6,12,9.9,12,9.9,12,9.9,11,9.1,11,9.1,8,6.6,9,7.4,9,7.4,7,5.8,6,5.0,3,2.5,4,3.3,4,3.3
E07000226,Crawley,19,16.0,20,17.8,21,18.7,21,18.7,21,18.7,14,12.4,14,12.4,14,12.5,11,9.8,6,5.3,6,5.3,6,5.3,5,4.4,5,4.4
E07000227,Horsham,7,4.7,6,4.1,6,4.1,4,2.7,4,2.7,5,3.4,4,2.7,5,3.5,6,4.2,6,4.2,4,2.8,4,2.8,4,2.8,3,2.1
E07000228,Mid Sussex,5,3.3,5,3.3,5,3.3,5,3.3,5,3.3,5,3.3,5,3.3,5,3.3,5,3.3,5,3.3,5,3.3,5,3.3,5,3.3,5,3.3
E07000229,Worthing,5,4.5,5,4.5,5,4.5,5,4.5,5,4.5,3,2.7,3,2.7,3,2.7,3,2.7,3,2.7,3,2.7,3,2.7,3,2.7,3,2.7
E12000009,South West,605,10.6,553,9.8,512,9.0,469,8.3,445,7.9,422,7.5,375,6.6,359,6.4,344,6.1,306,5.4,278,4.9,272,4.9,248,4.4,216,3.9
E06000022,Bath and North East Somerset,8,4.2,6,3.1,6,3.1,3,1.5,3,1.5,3,1.5,3,1.5,3,1.6,3,1.6,3,1.6,3,1.6,3,1.6,1,0.5,1,0.5
E06000058,"Bournemouth, Christchurch and Poole",48,12.0,41,10.3,38,9.6,32,8.1,27,6.8,24,6.0,23,5.8,22,5.6,23,5.8,21,5.3,19,4.8,19,4.8,18,4.5,14,3.5
E06000023,"Bristol, City of",37,7.9,34,7.3,31,6.7,32,6.9,32,6.9,26,5.6,23,4.9,19,4.1,18,3.9,19,4.1,20,4.3,19,4.1,16,3.5,14,3.0
E06000052,Cornwall,56,9.8,53,9.2,50,8.7,48,8.4,45,7.8,44,7.7,34,5.9,34,6.0,33,5.8,28,4.9,27,4.7,27,4.8,28,4.9,27,4.8
E06000059,Dorset,34,8.9,29,7.6,26,6.8,27,7.1,23,6.1,21,5.5,19,5.0,17,4.5,15,4.0,14,3.7,12,3.2,12,3.2,11,2.9,8,2.1
E06000053,Isles of Scilly,0,0.0,0,0.0,0,0.0,0,0.0,0,0.0,0,0.0,0,0.0,0,0.0,0,0.0,0,0.0,0,0.0,0,0.0,0,0.0,0,0.0
E06000024,North Somerset,33,15.2,32,14.8,31,14.4,30,13.9,29,13.5,28,13.0,28,13.0,26,12.1,26,12.1,26,12.1,23,10.7,20,9.3,19,8.9,17,7.9
E06000026,Plymouth,8,3.0,8,3.0,8,3.0,8,3.0,9,3.4,9,3.4,9,3.4,8,3.1,8,3.1,8,3.1,7,2.7,7,2.7,7,2.7,4,1.5
E06000025,South Gloucestershire,75,25.8,73,25.4,63,21.9,62,21.5,55,19.1,53,18.4,41,14.2,29,10.2,28,9.8,24,8.4,23,8.1,24,8.5,18,6.4,14,5.0
E06000030,Swindon,23,9.8,23,10.3,21,9.4,20,9.0,16,7.2,12,5.4,12,5.4,13,5.9,11,5.0,11,5.0,10,4.5,10,4.5,7,3.2,5,2.3
E06000027,Torbay,7,5.0,7,5.1,7,5.1,5,3.7,5,3.7,5,3.7,5,3.7,5,3.7,5,3.7,5,3.7,3,2.2,3,2.2,2,1.5,2,1.5
E06000054,Wiltshire,65,12.7,49,9.7,51,10.1,48,9.5,45,8.9,44,8.7,39,7.7,39,7.8,37,7.4,17,3.4,16,3.2,16,3.2,16,3.2,15,3.0
E10000008,Devon,103,12.6,97,12.0,87,10.7,70,8.6,69,8.5,70,8.6,63,7.8,65,8.1,62,7.7,58,7.2,48,6.0,48,6.0,44,5.5,40,5.0
E07000040,East Devon,17,11.2,17,11.5,17,11.5,17,11.5,17,11.5,17,11.5,13,8.8,13,8.9,11,7.5,10,6.8,8,5.5,8,5.5,8,5.5,8,5.5
E07000041,Exeter,27,20.9,28,21.0,24,18.0,10,7.5,9,6.8,10,7.5,9,6.8,10,7.6,10,7.6,10,7.6,10,7.6,10,7.7,8,6.1,7,5.4
E07000042,Mid Devon,19,22.8,19,22.8,15,18.0,13,15.6,13,15.6,13,15.6,12,14.4,13,15.8,12,14.6,12,14.6,8,9.7,8,9.8,8,9.8,8,9.8
E07000043,North Devon,14,14.1,9,9.2,7,7.1,7,7.1,7,7.1,7,7.1,6,6.1,6,6.2,6,6.2,6,6.2,6,6.2,6,6.2,4,4.2,3,3.1
E07000044,South Hams,4,4.5,2,2.3,2,2.3,2,2.3,2,2.3,2,2.3,2,2.3,2,2.3,2,2.3,1,1.1,1,1.1,1,1.2,1,1.2,1,1.2
E07000045,Teignbridge,5,3.7,5,3.7,5,3.7,5,3.7,5,3.7,5,3.7,5,3.7,5,3.7,5,3.7,3,2.2,1,0.7,1,0.8,1,0.8,1,0.8
E07000046,Torridge,6,8.8,6,8.7,6,8.7,6,8.7,6,8.7,6,8.7,6,8.7,6,8.8,6,8.8,6,8.8,6,8.8,6,8.8,6,8.8,6,8.8
E07000047,West Devon,11,19.1,11,19.6,11,19.6,10,17.8,10,17.8,10,17.8,10,17.8,10,17.9,10,17.9,10,17.9,8,14.3,8,14.4,8,14.4,6,10.8
E10000013,Gloucestershire,58,9.0,56,8.7,50,7.8,43,6.7,49,7.6,48,7.5,47,7.3,51,8.0,51,8.0,50,7.8,46,7.2,45,7.1,44,6.9,42,6.6
E07000078,Cheltenham,5,4.2,5,4.3,5,4.3,5,4.3,6,5.2,6,5.2,6,5.2,7,6.0,5,4.3,5,4.3,3,2.6,3,2.6,3,2.6,3,2.6
E07000079,Cotswold,8,8.8,7,7.8,3,3.3,3,3.3,3,3.3,3,3.3,3,3.3,5,5.6,5,5.6,5,5.6,4,4.5,4,4.5,4,4.5,4,4.5
E07000080,Forest of Dean,4,4.6,4,4.6,3,3.4,3,3.4,3,3.4,3,3.4,4,4.6,4,4.6,4,4.6,3,3.5,2,2.3,2,2.3,2,2.3,1,1.2
E07000081,Gloucester,13,9.8,13,10.0,12,9.3,11,8.5,11,8.5,11,8.5,9,6.9,9,7.0,9,7.0,9,7.0,9,7.0,8,6.2,7,5.4,6,4.6
E07000082,Stroud,24,19.7,22,18.2,22,18.2,18,14.9,23,19.0,23,19.0,23,19.0,23,19.2,25,20.8,25,20.8,25,20.8,25,21.0,25,21.0,25,21.0
E07000083,Tewkesbury,4,4.2,5,5.2,5,5.2,3,3.1,3,3.1,2,2.1,2,2.1,3,3.2,3,3.2,3,3.2,3,3.2,3,3.2,3,3.2,3,3.2
E10000027,Somerset,50,8.7,45,8.0,43,7.6,41,7.3,38,6.7,35,6.2,29,5.1,28,5.0,24,4.3,22,3.9,21,3.7,19,3.4,17,3.0,13,2.3
E07000187,Mendip,12,10.3,12,10.3,10,8.6,10,8.6,8,6.9,6,5.2,6,5.2,6,5.2,6,5.2,5,4.3,5,4.3,5,4.4,5,4.4,4,3.5
E07000188,Sedgemoor,12,9.5,7,5.7,7,5.7,5,4.1,7,5.7,7,5.7,7,5.7,7,5.7,6,4.9,6,4.9,6,4.9,6,4.9,5,4.1,5,4.1
E07000246,Somerset West and Taunton,11,7.0,12,7.7,12,7.7,12,7.7,9,5.8,8,5.1,2,1.3,2,1.3,2,1.3,2,1.3,2,1.3,2,1.3,2,1.3,2,1.3
E07000189,South Somerset,15,8.7,14,8.3,14,8.3,14,8.3,14,8.3,14,8.3,14,8.3,13,7.7,10,5.9,9,5.3,8,4.8,6,3.6,5,3.0,2,1.2
W92000004,Wales,283,9.1,223,7.0,213,6.7,185,5.8,169,5.3,160,5.0,141,4.4,114,3.6,102,3.2,93,2.9,85,2.7,79,2.5,71,2.3,58,1.8
W06000001,Isle of Anglesey,9,13.1,4,5.7,4,5.7,4,5.7,4,5.7,4,5.7,4,5.7,4,5.7,4,5.7,4,5.7,4,5.7,4,5.7,3,4.3,3,4.3
W06000002,Gwynedd,5,4.3,7,5.6,7,5.6,5,4.0,4,3.2,3,2.4,3,2.4,3,2.4,3,2.4,3,2.4,3,2.4,2,1.6,2,1.6,0,0.0
W06000003,Conwy,3,2.6,3,2.5,4,3.4,4,3.4,4,3.4,4,3.4,4,3.4,4,3.4,4,3.4,4,3.4,4,3.4,1,0.9,0,0.0,0,0.0
W06000004,Denbighshire,20,20.8,18,18.6,18,18.6,8,8.3,8,8.3,8,8.3,8,8.3,8,8.4,8,8.4,6,6.3,8,8.4,7,7.3,7,7.3,6,6.3
W06000005,Flintshire,13,8.4,14,8.9,14,8.9,12,7.7,12,7.7,12,7.7,12,7.7,4,2.6,4,2.6,4,2.6,3,1.9,3,1.9,3,1.9,3,1.9
W06000006,Wrexham,10,7.4,8,5.9,7,5.1,7,5.1,7,5.1,8,5.9,6,4.4,6,4.4,2,1.5,2,1.5,2,1.5,2,1.5,2,1.5,2,1.5
W06000023,Powys,14,10.5,6,4.5,3,2.3,3,2.3,3,2.3,3,2.3,3,2.3,3,2.3,2,1.5,2,1.5,1,0.8,1,0.8,1,0.8,1,0.8
W06000008,Ceredigion,11,15.6,11,15.1,11,15.1,11,15.1,10,13.7,10,13.7,4,5.5,4,5.5,3,4.1,3,4.1,3,4.1,3,4.1,2,2.7,2,2.7
W06000009,Pembrokeshire,21,17.0,9,7.1,7,5.5,5,3.9,5,3.9,5,3.9,5,3.9,5,4.0,5,4.0,2,1.6,2,1.6,2,1.6,2,1.6,2,1.6
W06000010,Carmarthenshire,26,13.8,16,8.4,16,8.4,11,5.8,10,5.3,8,4.2,8,4.2,7,3.7,7,3.7,7,3.7,6,3.2,6,3.2,6,3.2,4,2.1
W06000011,Swansea,21,8.8,16,6.5,16,6.5,15,6.1,9,3.7,9,3.7,6,2.4,7,2.8,7,2.8,7,2.8,4,1.6,4,1.6,4,1.6,4,1.6
W06000012,Neath Port Talbot,10,7.0,8,5.5,8,5.5,6,4.2,6,4.2,6,4.2,6,4.2,5,3.5,4,2.8,2,1.4,1,0.7,1,0.7,1,0.7,1,0.7
W06000013,Bridgend,10,6.9,10,6.8,10,6.8,10,6.8,10,6.8,10,6.8,10,6.8,10,6.8,10,6.8,10,6.8,10,6.8,10,6.9,10,6.9,10,6.9
W06000014,The Vale of Glamorgan,14,10.6,14,10.3,14,10.3,14,10.3,10,7.4,10,7.4,5,3.7,5,3.7,4,3.0,4,3.0,3,2.2,3,2.3,2,1.5,2,1.5
W06000015,Cardiff,36,10.0,36,9.8,33,8.9,31,8.4,31,8.4,31,8.4,30,8.1,14,3.8,12,3.3,12,3.3,12,3.3,12,3.3,10,2.7,10,2.7
W06000016,Rhondda Cynon Taf,4,1.7,3,1.2,2,0.8,2,0.8,1,0.4,1,0.4,1,0.4,0,0.0,0,0.0,0,0.0,0,0.0,0,0.0,0,0.0,0,0.0
W06000024,Merthyr Tydfil,2,3.4,2,3.3,2,3.3,2,3.3,2,3.3,1,1.7,1,1.7,1,1.7,1,1.7,1,1.7,1,1.7,1,1.7,0,0.0,0,0.0
W06000018,Caerphilly,10,5.7,8,4.4,7,3.9,7,3.9,7,3.9,7,3.9,7,3.9,6,3.3,5,2.8,5,2.8,4,2.2,3,1.7,2,1.1,0,0.0
W06000019,Blaenau Gwent,6,9.0,3,4.3,3,4.3,1,1.4,1,1.4,1,1.4,1,1.4,1,1.4,1,1.4,1,1.4,1,1.4,1,1.4,1,1.4,0,0.0
W06000020,Torfaen,2,2.2,2,2.1,2,2.1,2,2.1,2,2.1,1,1.1,1,1.1,1,1.1,1,1.1,1,1.1,1,1.1,1,1.1,1,1.1,0,0.0
W06000021,Monmouthshire,7,7.5,4,4.2,4,4.2,4,4.2,4,4.2,4,4.2,3,3.2,4,4.2,4,4.2,4,4.2,3,3.2,3,3.2,3,3.2,2,2.1
W06000022,Newport,29,18.2,21,13.4,21,13.4,21,13.4,19,12.1,14,8.9,13,8.3,12,7.8,11,7.1,9,5.8,9,5.8,9,5.9,9,5.9,6,3.9
S92000003,Scotland,947,17.3,825,15.1,775,14.2,743,13.6,707,12.9,684,12.5,657,12.0,602,11.0,544,10.0,506,9.3,487,8.9,483,8.9,451,8.3,410,7.5
S12000033,Aberdeen City,39,17.1,26,11.4,27,11.8,25,10.9,25,10.9,24,10.5,24,10.5,24,10.5,16,7.0,15,6.6,15,6.6,15,6.6,13,5.7,14,6.2
S12000034,Aberdeenshire,26,9.9,22,8.4,22,8.4,22,8.4,20,7.7,18,6.9,18,6.9,17,6.5,16,6.1,15,5.7,15,5.7,15,5.7,15,5.7,15,5.7
S12000041,Angus,27,23.3,22,19.0,26,22.4,25,21.6,24,20.7,24,20.7,25,21.6,23,19.8,17,14.6,16,13.8,16,13.8,15,12.9,12,10.3,12,10.3
S12000035,Argyll & Bute,26,30.2,21,24.6,21,24.6,21,24.6,20,23.4,20,23.4,20,23.4,20,23.3,18,21.0,18,21.0,17,19.8,16,18.5,13,15.1,13,15.1
S12000036,City of Edinburgh,63,12.0,55,10.4,29,5.5,28,5.3,26,4.9,24,4.5,24,4.5,22,4.2,14,2.7,14,2.7,15,2.9,18,3.5,18,3.5,17,3.3
S12000005,Clackmannanshire,4,7.8,4,7.8,4,7.8,3,5.8,3,5.8,3,5.8,3,5.8,3,5.8,3,5.8,2,3.9,2,3.9,2,3.9,1,1.9,1,1.9
S12000006,Dumfries & Galloway,36,24.2,32,21.6,32,21.6,32,21.6,32,21.6,32,21.6,31,20.9,30,20.2,28,18.8,28,18.8,26,17.5,26,17.5,24,16.1,24,16.1
S12000042,Dundee City,56,37.9,43,28.9,42,28.2,42,28.2,42,28.2,43,28.9,43,28.9,41,27.5,41,27.5,39,26.1,39,26.1,41,27.6,39,26.2,39,26.2
S12000008,East Ayrshire,19,15.6,18,14.8,18,14.8,18,14.8,18,14.8,17,14.0,17,14.0,17,13.9,16,13.1,16,13.1,16,13.1,16,13.1,12,9.8,9,7.4
S12000045,East Dunbartonshire,4,3.7,4,3.7,4,3.7,4,3.7,4,3.7,4,3.7,4,3.7,4,3.7,4,3.7,4,3.7,4,3.7,4,3.7,3,2.8,3,2.8
S12000010,East Lothian,27,24.6,28,25.9,27,25.0,24,22.2,24,22.2,23,21.3,23,21.3,19,17.7,19,17.7,17,15.9,15,14.0,15,14.2,10,9.5,11,10.4
S12000011,East Renfrewshire,8,8.3,7,7.3,8,8.3,8,8.3,7,7.3,7,7.3,7,7.3,7,7.3,6,6.3,8,8.4,6,6.3,6,6.3,6,6.3,6,6.3
S12000014,Falkirk,15,9.3,12,7.5,12,7.5,12,7.5,12,7.5,11,6.9,11,6.9,11,6.8,11,6.8,11,6.8,10,6.2,6,3.7,6,3.7,5,3.1
S12000047,Fife,27,7.2,26,6.9,21,5.6,19,5.1,19,5.1,18,4.8,17,4.5,16,4.3,15,4.0,15,4.0,15,4.0,15,4.0,15,4.0,15,4.0
S12000049,Glasgow City,70,11.0,60,9.4,53,8.3,49,7.7,34,5.3,24,3.8,24,3.8,24,3.8,24,3.8,24,3.8,23,3.6,23,3.7,22,3.5,18,2.9
S12000017,Highland,111,46.6,90,38.2,89,37.8,87,37.0,83,35.3,81,34.4,79,33.6,74,31.4,74,31.4,59,25.0,58,24.6,55,23.4,54,22.9,52,22.1
S12000018,Inverclyde,3,3.9,4,5.2,5,6.5,5,6.5,5,6.5,5,6.5,5,6.5,4,5.1,4,5.1,4,5.1,4,5.1,2,2.6,2,2.6,2,2.6
S12000019,Midlothian,17,18.0,13,14.0,13,14.0,13,14.0,12,12.9,12,12.9,12,12.9,10,10.8,8,8.7,8,8.7,8,8.7,8,8.8,8,8.8,7,7.7
S12000020,Moray,15,15.6,11,11.5,10,10.4,9,9.4,8,8.4,8,8.4,8,8.4,7,7.3,7,7.3,7,7.3,7,7.3,7,7.3,7,7.3,6,6.3
S12000013,Na h-Eileanan Siar,10,37.5,7,26.4,7,26.4,7,26.4,7,26.4,7,26.4,7,26.4,7,26.2,7,26.2,7,26.2,7,26.2,8,29.8,8,29.8,9,33.5
S12000021,North Ayrshire,20,14.9,16,11.9,18,13.4,18,13.4,18,13.4,18,13.4,18,13.4,18,13.4,15,11.1,12,8.9,12,8.9,11,8.1,11,8.1,10,7.4
S12000050,North Lanarkshire,72,21.1,73,21.4,76,22.3,74,21.7,72,21.1,70,20.5,57,16.7,47,13.8,38,11.1,33,9.7,30,8.8,30,8.8,30,8.8,16,4.7
S12000023,Orkney Islands,10,44.4,12,53.6,11,49.1,11,49.1,10,44.6,10,44.6,9,40.2,7,31.4,7,31.4,7,31.4,7,31.4,6,27.0,6,27.0,4,18.0
S12000048,Perth & Kinross,55,35.8,52,34.2,46,30.3,45,29.6,45,29.6,44,29.0,41,27.0,37,24.4,37,24.4,37,24.4,33,21.7,35,23.1,33,21.8,31,20.5
S12000038,Renfrewshire,27,15.0,23,12.8,21,11.7,21,11.7,21,11.7,21,11.7,21,11.7,18,10.1,16,8.9,16,8.9,15,8.4,15,8.4,13,7.3,12,6.7
S12000026,Scottish Borders,18,15.5,20,17.4,20,17.4,20,17.4,20,17.4,20,17.4,19,16.5,19,16.4,17,14.7,16,13.9,16,13.9,16,13.9,15,13.0,12,10.4
S12000027,Shetland Islands,6,26.2,2,8.7,2,8.7,2,8.7,2,8.7,2,8.7,2,8.7,2,8.7,2,8.7,2,8.7,2,8.7,2,8.7,2,8.7,2,8.7
S12000028,South Ayrshire,18,16.0,16,14.3,15,13.4,12,10.7,12,10.7,12,10.7,12,10.7,12,10.7,10,8.9,7,6.2,7,6.2,7,6.2,8,7.1,7,6.2
S12000029,South Lanarkshire,67,20.8,62,19.3,55,17.1,47,14.6,45,14.0,45,14.0,43,13.4,31,9.7,24,7.5,20,6.2,20,6.2,20,6.3,18,5.6,18,5.6
S12000030,Stirling,27,28.9,25,26.6,24,25.5,24,25.5,23,24.4,24,25.5,20,21.3,18,19.1,18,19.1,18,19.1,18,19.1,19,20.1,18,19.1,14,14.8
S12000039,West Dunbartonshire,7,8.0,6,6.8,6,6.8,6,6.8,4,4.5,4,4.5,4,4.5,4,4.5,4,4.5,4,4.5,4,4.5,4,4.5,4,4.5,2,2.2
S12000040,West Lothian,17,9.2,13,7.1,11,6.0,10,5.4,10,5.4,9,4.9,9,4.9,9,4.9,8,4.4,7,3.8,5,2.7,5,2.7,5,2.7,4,2.2
N92000002,Northern Ireland,26,1.4,22,1.2,21,1.1,25,1.3,22,1.2,21,1.1,21,1.1,20,1.1,20,1.1,22,1.2,19,1.0,19,1.0,19,1.0,19,1.0
N09000001,Antrim and Newtownabbey,4,2.7,4,2.8,4,2.8,4,2.8,4,2.8,4,2.8,4,2.8,3,2.1,3,2.1,2,1.4,2,1.4,2,1.4,2,1.4,2,1.4
N09000011,Ards and North Down,0,0.0,0,0.0,0,0.0,0,0.0,0,0.0,0,0.0,0,0.0,0,0.0,0,0.0,0,0.0,0,0.0,0,0.0,0,0.0,0,0.0
N09000002,"Armagh City, Banbridge and Craigavon",1,0.5,1,0.5,1,0.5,2,0.9,2,0.9,1,0.5,1,0.5,1,0.5,1,0.5,1,0.5,1,0.5,1,0.5,1,0.5,1,0.5
N09000003,Belfast,6,1.7,6,1.8,5,1.5,7,2.0,5,1.5,5,1.5,5,1.5,5,1.5,5,1.5,5,1.5,5,1.5,5,1.5,5,1.5,5,1.5
N09000004,Causeway Coast and Glens,2,1.4,1,0.7,1,0.7,2,1.4,1,0.7,1,0.7,1,0.7,1,0.7,1,0.7,4,2.8,1,0.7,1,0.7,1,0.7,1,0.7
N09000005,Derry City and Strabane,2,1.3,1,0.7,1,0.7,1,0.7,1,0.7,1,0.7,1,0.7,1,0.7,1,0.7,1,0.7,1,0.7,1,0.7,1,0.7,1,0.7
N09000006,Fermanagh and Omagh,3,2.6,2,1.7,3,2.6,2,1.7,2,1.7,2,1.7,2,1.7,2,1.7,2,1.7,2,1.7,2,1.7,2,1.7,2,1.7,2,1.7
N09000007,Lisburn and Castlereagh,1,0.7,1,0.7,1,0.7,1,0.7,1,0.7,1,0.7,1,0.7,1,0.7,1,0.7,1,0.7,1,0.7,1,0.7,1,0.7,1,0.7
N09000008,Mid and East Antrim,3,2.2,2,1.4,2,1.4,2,1.4,2,1.4,2,1.4,2,1.4,2,1.4,2,1.4,2,1.4,2,1.4,2,1.4,2,1.4,2,1.4
N09000009,Mid Ulster,3,2.0,3,2.0,2,1.3,2,1.3,2,1.3,2,1.3,2,1.3,2,1.3,2,1.3,2,1.3,2,1.3,2,1.4,2,1.4,2,1.4
N09000010,"Newry, Mourne and Down",1,0.5,1,0.6,1,0.6,2,1.1,2,1.1,2,1.1,2,1.1,2,1.1,2,1.1,2,1.1,2,1.1,2,1.1,2,1.1,2,1.1